	PWM	Regression Score (Train)	Regression Score (Test)
0	BHLHE40_GM12878_1	0.06542161959434234	0.07008016130101458
1	BHLHE40_FB_1	0.0566308837962074	0.05092122591488779
2	BHLHE40_GM12878_5	0.0012148641197960997	-0.037569981211442505
3	BHLHE40_GM12878_4	0.0004237914842377677	-0.02464640928792372
4	BHLHE40_GM12878_3	0.0018651137435086174	-0.023039493887933915
5	BHLHE40_GM12878_2	0.0043144073951404405	-0.03607119591205166
